Repo,PR Name,Author,Date,PR URL
openchair_widget,update | liine | add loc to kristo endpoint,qooqu,2024-09-11,https://github.com/roostergrin/openchair_widget/pull/313
rooster-reminders-back-end,feat | call log | search pt name first for OD Ortho,qooqu,2024-09-11,https://github.com/roostergrin/rooster-reminders-back-end/pull/2752
rooster-reminders-back-end,WIP update | dolphin sync | E2E testing,BryantFukushima,2024-09-11,https://github.com/roostergrin/rooster-reminders-back-end/pull/2751
openchair_widget,deploy update | liine | add loc to kristo endpoint,qooqu,2024-09-11,https://github.com/roostergrin/openchair_widget/pull/314
rooster-reminders-back-end,update | database.yml | arm64 bug,qooqu,2024-09-09,https://github.com/roostergrin/rooster-reminders-back-end/pull/2750
rooster_reminders_front_end,enh | Settings/index.js |adds missed call text for CB ortho,Gordoburrito,2024-09-09,https://github.com/roostergrin/rooster_reminders_front_end/pull/842
rooster_reminders_front_end,enh | Settings/index.js |adds missed call text for CB ortho #842,Gordoburrito,2024-09-09,https://github.com/roostergrin/rooster_reminders_front_end/pull/843
rooster-reminders-back-end,fix | lead model | tracking history and default lead source logic,Gordoburrito,2024-09-05,https://github.com/roostergrin/rooster-reminders-back-end/pull/2747
rooster-reminders-back-end,fix | lead model | phone number formatting,Gordoburrito,2024-09-05,https://github.com/roostergrin/rooster-reminders-back-end/pull/2746
rooster-reminders-back-end,enh | website_leads_controller_spec | clean up tracking history,Gordoburrito,2024-09-05,https://github.com/roostergrin/rooster-reminders-back-end/pull/2749
rooster-reminders-back-end,fix | lead.rb | always update tracking_history,Gordoburrito,2024-09-05,https://github.com/roostergrin/rooster-reminders-back-end/pull/2748
openchair_widget,deploy update | liine | add endpoints,qooqu,2024-09-04,https://github.com/roostergrin/openchair_widget/pull/312
openchair_widget,update | liine | add endpoints,qooqu,2024-09-04,https://github.com/roostergrin/openchair_widget/pull/311
rooster-reminders-back-end,fix | dolphin create patient/rp | handles all errors when creating rp,BryantFukushima,2024-09-03,https://github.com/roostergrin/rooster-reminders-back-end/pull/2744
rooster-reminders-back-end,deploy | dolphin create patient/rp | handles all errors when creating rp,BryantFukushima,2024-09-03,https://github.com/roostergrin/rooster-reminders-back-end/pull/2745
rooster-reminders-back-end,deploy fix | lead model | ignore 'N/A' values in tracking parameters ,Gordoburrito,2024-08-28,https://github.com/roostergrin/rooster-reminders-back-end/pull/2743
rooster-reminders-back-end,fix | lead model | ignore 'N/A' values in tracking parameters,Gordoburrito,2024-08-28,https://github.com/roostergrin/rooster-reminders-back-end/pull/2742
rooster-reminders-back-end,update | gemfile | spring stuff and minor cleanup,qooqu,2024-08-28,https://github.com/roostergrin/rooster-reminders-back-end/pull/2741
rooster-reminders-back-end,deploy hotfix | updates to use json instead of the ruby hash,Gordoburrito,2024-08-27,https://github.com/roostergrin/rooster-reminders-back-end/pull/2740
rooster-reminders-back-end,hotfix | updates to use json instead of the ruby hash,Gordoburrito,2024-08-27,https://github.com/roostergrin/rooster-reminders-back-end/pull/2739
rooster-reminders-back-end,"deploy feat | Telecom Click Tracking, website leads controller",Gordoburrito,2024-08-27,https://github.com/roostergrin/rooster-reminders-back-end/pull/2738
crm-thread,removes userTrackingNuxt.js,Gordoburrito,2024-08-27,https://github.com/roostergrin/crm-thread/pull/2
openchair_widget,deploy update | send tracking data,Gordoburrito,2024-08-27,https://github.com/roostergrin/openchair_widget/pull/310
rooster_reminders_front_end,deploy hotfix | mms | broke non dsos w smile des of atl feat,qooqu,2024-08-26,https://github.com/roostergrin/rooster_reminders_front_end/pull/841
openchair_widget,deploy update | patient form | change for mccomb custom feat,qooqu,2024-08-26,https://github.com/roostergrin/openchair_widget/pull/309
rooster_reminders_front_end,deploy update | mms | show media from unknown numbers for smile des of atl,qooqu,2024-08-26,https://github.com/roostergrin/rooster_reminders_front_end/pull/839
rooster_reminders_front_end,hotfix | mms | broke non dsos w smile des of atl feat,qooqu,2024-08-26,https://github.com/roostergrin/rooster_reminders_front_end/pull/840
rooster-reminders-back-end,Deploy feat | app/async_workers/crm/convert_leads/worker.rb | add patient info to the lead ,Gordoburrito,2024-08-26,https://github.com/roostergrin/rooster-reminders-back-end/pull/2737
openchair_widget,update | patient form | change for mccomb custom feat,qooqu,2024-08-26,https://github.com/roostergrin/openchair_widget/pull/308
openchair_widget,deploy feat | patient form | adds custom referrer for mccomb,qooqu,2024-08-26,https://github.com/roostergrin/openchair_widget/pull/307
rooster_reminders_front_end,update | mms | show media from unknown numbers for smile des of atl,qooqu,2024-08-23,https://github.com/roostergrin/rooster_reminders_front_end/pull/837
openchair_widget,feat | patient form | adds custom referrer for mccomb,qooqu,2024-08-23,https://github.com/roostergrin/openchair_widget/pull/306
rooster_reminders_front_end,instead of prop drilling I think u can do this,Gordoburrito,2024-08-23,https://github.com/roostergrin/rooster_reminders_front_end/pull/838
openchair_widget,update | extraQuestion | handle non-array,qooqu,2024-08-22,https://github.com/roostergrin/openchair_widget/pull/304
openchair_widget,deploy update | extraQuestion | handle non-array,qooqu,2024-08-22,https://github.com/roostergrin/openchair_widget/pull/305
rooster_reminders_front_end,update | missed call text | adds tw ortho,qooqu,2024-08-22,https://github.com/roostergrin/rooster_reminders_front_end/pull/835
rooster_reminders_front_end,deploy update | missed call text | adds tw ortho,qooqu,2024-08-22,https://github.com/roostergrin/rooster_reminders_front_end/pull/836
rooster-reminders-back-end,feat | website leads controller | handles new way we are posting to the backend from the website form,Gordoburrito,2024-08-21,https://github.com/roostergrin/rooster-reminders-back-end/pull/2736
rooster-reminders-back-end,feat | app/async_workers/crm/convert_leads/worker.rb | add patient info to the lead,Gordoburrito,2024-08-20,https://github.com/roostergrin/rooster-reminders-back-end/pull/2735
rooster-reminders-back-end,WIP update | adds E2E testing,qooqu,2024-08-20,https://github.com/roostergrin/rooster-reminders-back-end/pull/2733
rooster-reminders-back-end,feat | Telecom Click Tracking | Implement Redis-based tracking for telecom clicks using tracking history object,Gordoburrito,2024-08-20,https://github.com/roostergrin/rooster-reminders-back-end/pull/2734
rooster-reminders-back-end,deploy fix | tops table mapping | adds nil guard ,qooqu,2024-08-19,https://github.com/roostergrin/rooster-reminders-back-end/pull/2732
rooster-reminders-back-end,enh | unsynced_checker.rb | add connection validation to unsynced checker,Gordoburrito,2024-08-19,https://github.com/roostergrin/rooster-reminders-back-end/pull/2730
rooster-reminders-back-end,fix | tops table mapping | adds nil guard,qooqu,2024-08-19,https://github.com/roostergrin/rooster-reminders-back-end/pull/2731
openchair_widget,feat | filter options | adds extra text to header for Lenhart Orthodontics,BryantFukushima,2024-08-13,https://github.com/roostergrin/openchair_widget/pull/302
openchair_widget,deploy | filter options | adds extra text to header for Lenhart Orthodontics,BryantFukushima,2024-08-13,https://github.com/roostergrin/openchair_widget/pull/303
openchair_widget,update | extraQuestions | fix for add type text,qooqu,2024-08-13,https://github.com/roostergrin/openchair_widget/pull/300
openchair_widget,deploy update | extraQuestions | add type text ,qooqu,2024-08-13,https://github.com/roostergrin/openchair_widget/pull/301
rooster-reminders-back-end,update | booking success | temp adds mccomb logging,qooqu,2024-08-12,https://github.com/roostergrin/rooster-reminders-back-end/pull/2728
rooster-reminders-back-end,deploy update | booking success | temp adds mccomb logging,qooqu,2024-08-12,https://github.com/roostergrin/rooster-reminders-back-end/pull/2729
rooster-reminders-back-end,hot fix | models/lead.rb | makes determine_lead_source_id available to the class method,Gordoburrito,2024-08-08,https://github.com/roostergrin/rooster-reminders-back-end/pull/2723
rooster-reminders-back-end,deploy hot fix | models/lead.rb | makes determine_lead_source_id available to the class method ,Gordoburrito,2024-08-08,https://github.com/roostergrin/rooster-reminders-back-end/pull/2724
rooster-reminders-back-end,fix | dolphin create appt | date property time,BryantFukushima,2024-08-08,https://github.com/roostergrin/rooster-reminders-back-end/pull/2725
rooster-reminders-back-end,deploy fix | dolphin create appt | date property time,BryantFukushima,2024-08-08,https://github.com/roostergrin/rooster-reminders-back-end/pull/2726
rooster-reminders-back-end,deploy feat | lead status management | added 'awaiting review' status for leads,Gordoburrito,2024-08-08,https://github.com/roostergrin/rooster-reminders-back-end/pull/2727
openchair_widget,deploy Feat: ADA compliance ,qooqu,2024-08-08,https://github.com/roostergrin/openchair_widget/pull/298
openchair_widget,update | extraQuestions | add type text,qooqu,2024-08-08,https://github.com/roostergrin/openchair_widget/pull/299
crm-thread,Content generation,Gordoburrito,2024-08-08,https://github.com/roostergrin/crm-thread/pull/1
rooster-reminders-back-end,deploy hotfix | tracking_controller website_lead_controller | uses new Lead model functions ,Gordoburrito,2024-08-07,https://github.com/roostergrin/rooster-reminders-back-end/pull/2722
rooster-reminders-back-end,hotfix | tracking_controller  website_lead_controller | uses new Lead model functions,Gordoburrito,2024-08-07,https://github.com/roostergrin/rooster-reminders-back-end/pull/2721
rooster-reminders-back-end,deploy fix | booking and lead models | update tracking history and controller actions,Gordoburrito,2024-08-07,https://github.com/roostergrin/rooster-reminders-back-end/pull/2720
rooster-reminders-back-end,deploy fix | dolphin create appt | handle errors,BryantFukushima,2024-08-07,https://github.com/roostergrin/rooster-reminders-back-end/pull/2719
rooster-reminders-back-end,update | refill mms worker | num mms goes by location for DSOs,qooqu,2024-08-07,https://github.com/roostergrin/rooster-reminders-back-end/pull/2718
rooster-reminders-back-end,fix | dolphin create appt | handles errors correctly,BryantFukushima,2024-08-07,https://github.com/roostergrin/rooster-reminders-back-end/pull/2717
rooster-reminders-back-end,feat | lead status management | added 'awaiting review' status for leads,Gordoburrito,2024-08-05,https://github.com/roostergrin/rooster-reminders-back-end/pull/2716
rooster-reminders-back-end,fix | booking and lead models | update tracking history and controller actions,Gordoburrito,2024-08-01,https://github.com/roostergrin/rooster-reminders-back-end/pull/2715
rooster-reminders-back-end,fix | leads/update_controller.rb | adds lead source contact type to update controller,Gordoburrito,2024-07-31,https://github.com/roostergrin/rooster-reminders-back-end/pull/2712
openchair_widget,deploy update | ssp liine | add aso endpoint,qooqu,2024-07-31,https://github.com/roostergrin/openchair_widget/pull/297
rooster-reminders-back-end,hotfix | dolphin OS | specific specialty for surfside PEDO doc and loc,BryantFukushima,2024-07-31,https://github.com/roostergrin/rooster-reminders-back-end/pull/2713
rooster-reminders-back-end,deploy [dolphin OS | specific specialty for surfside PEDO doc and loc] [leads/update_controller.rb | adds lead source contact type],BryantFukushima,2024-07-31,https://github.com/roostergrin/rooster-reminders-back-end/pull/2714
openchair_widget,update | ssp liine | add aso endpoint,qooqu,2024-07-31,https://github.com/roostergrin/openchair_widget/pull/296
rooster-reminders-back-end,Enh openchair crm integration | leads and booking controllers | adds ability to handle new parameters and refactors to keep DRY,Gordoburrito,2024-07-30,https://github.com/roostergrin/rooster-reminders-back-end/pull/2710
openchair_widget,update | send tracking data,Gordoburrito,2024-07-30,https://github.com/roostergrin/openchair_widget/pull/295
rooster-reminders-back-end,"Enh openchair add utm to email uses crm integration |  booking, booking_patient, new_patient_messages | add utm and referrer source",Gordoburrito,2024-07-30,https://github.com/roostergrin/rooster-reminders-back-end/pull/2711
rooster-reminders-back-end,deploy fix | alpha senders to uk only work with +44 format,qooqu,2024-07-29,https://github.com/roostergrin/rooster-reminders-back-end/pull/2705
rooster-reminders-back-end,fix | alpha sender | private method error,qooqu,2024-07-29,https://github.com/roostergrin/rooster-reminders-back-end/pull/2706
rooster-reminders-back-end,deploy feat | adds alphanumeric senders #2690,Gordoburrito,2024-07-29,https://github.com/roostergrin/rooster-reminders-back-end/pull/2699
rooster-reminders-back-end,update | uk format checker,qooqu,2024-07-29,https://github.com/roostergrin/rooster-reminders-back-end/pull/2700
rooster-reminders-back-end,deploy update | uk format checker,qooqu,2024-07-29,https://github.com/roostergrin/rooster-reminders-back-end/pull/2701
rooster-reminders-back-end,update | uk format checker,qooqu,2024-07-29,https://github.com/roostergrin/rooster-reminders-back-end/pull/2702
rooster-reminders-back-end,deploy update | uk format checker,qooqu,2024-07-29,https://github.com/roostergrin/rooster-reminders-back-end/pull/2703
rooster-reminders-back-end,fix | alpha senders to uk only work with +44 format,qooqu,2024-07-29,https://github.com/roostergrin/rooster-reminders-back-end/pull/2704
rooster-reminders-back-end,deploy fix | uk twilio formatter | made implicit returns explicit,qooqu,2024-07-29,https://github.com/roostergrin/rooster-reminders-back-end/pull/2709
rooster-reminders-back-end,fix | uk twilio formatter | made implicit returns explicit,qooqu,2024-07-29,https://github.com/roostergrin/rooster-reminders-back-end/pull/2708
rooster-reminders-back-end,deploy fix | alpha sender | private method error,qooqu,2024-07-29,https://github.com/roostergrin/rooster-reminders-back-end/pull/2707
rooster-reminders-back-end,deploy update | patients controller | adds active pts only pracs,qooqu,2024-07-25,https://github.com/roostergrin/rooster-reminders-back-end/pull/2698
rooster-reminders-back-end,update | patients controller | adds active pts only pracs,qooqu,2024-07-24,https://github.com/roostergrin/rooster-reminders-back-end/pull/2697
rooster-reminders-back-end,deploy enh | sync failure notifications | adds more context and formatting to failure notification errors,Gordoburrito,2024-07-24,https://github.com/roostergrin/rooster-reminders-back-end/pull/2695
rooster-reminders-back-end,"Deploy | Twilio Brand Registration logging, add test coverage gem, update Pull Request template",Gordoburrito,2024-07-24,https://github.com/roostergrin/rooster-reminders-back-end/pull/2696
rooster-reminders-back-end,enh | adds test coverage gem,Gordoburrito,2024-07-23,https://github.com/roostergrin/rooster-reminders-back-end/pull/2694
rooster-reminders-back-end,deploy | c9 syncs | full sync for one location,BryantFukushima,2024-07-23,https://github.com/roostergrin/rooster-reminders-back-end/pull/2692
rooster-reminders-back-end,enh | sync failure notifications | adds more context and formatting to failure notification errors,Gordoburrito,2024-07-23,https://github.com/roostergrin/rooster-reminders-back-end/pull/2693
rooster-reminders-back-end,feat | c9 syncs |  full sync for one location,BryantFukushima,2024-07-22,https://github.com/roostergrin/rooster-reminders-back-end/pull/2691
rooster-reminders-back-end,feat | adds alphanumeric senders,Gordoburrito,2024-07-19,https://github.com/roostergrin/rooster-reminders-back-end/pull/2690
rooster-reminders-back-end,enh | Pull Request template | app boyz era PR templates,Gordoburrito,2024-07-19,https://github.com/roostergrin/rooster-reminders-back-end/pull/2689
rooster-reminders-back-end,deploy [fix | text sender base | remove opt out] [fix | website leads controller | makes form submissions to the CRM work with new update],Gordoburrito,2024-07-19,https://github.com/roostergrin/rooster-reminders-back-end/pull/2687
rooster-reminders-back-end,fix | text sender base | remove opt out,Gordoburrito,2024-07-19,https://github.com/roostergrin/rooster-reminders-back-end/pull/2686
rooster-reminders-back-end,Enhancement | Update PULL_REQUEST_TEMPLATE.md | app boy era PRs,Gordoburrito,2024-07-19,https://github.com/roostergrin/rooster-reminders-back-end/pull/2688
rooster-reminders-back-end,enh | Twilio Brand Registration | Adds Logging,Gordoburrito,2024-07-18,https://github.com/roostergrin/rooster-reminders-back-end/pull/2684
rooster-reminders-back-end,fix | website leads controller | makes form submissions to the CRM work with new update,Gordoburrito,2024-07-18,https://github.com/roostergrin/rooster-reminders-back-end/pull/2683
rooster-reminders-back-end,deploy | c9 open chair sync | use reservations batch,BryantFukushima,2024-07-18,https://github.com/roostergrin/rooster-reminders-back-end/pull/2685
rooster-reminders-back-end,fix | booking model | add _id to lead_source_contact_type param,Gordoburrito,2024-07-17,https://github.com/roostergrin/rooster-reminders-back-end/pull/2681
rooster-reminders-back-end,deploy fix | booking model | add _id to lead_source_contact_type param,Gordoburrito,2024-07-17,https://github.com/roostergrin/rooster-reminders-back-end/pull/2682
rooster-reminders-back-end,update | LeadSourceContactType | update routes and add controller ,Gordoburrito,2024-07-16,https://github.com/roostergrin/rooster-reminders-back-end/pull/2679
rooster-reminders-back-end,update | c9 open chair sync | use reservations batch,BryantFukushima,2024-07-16,https://github.com/roostergrin/rooster-reminders-back-end/pull/2678
rooster-reminders-back-end,deploy [crm | add lead source contact type] [text_sender base | alpha numeric sender],Gordoburrito,2024-07-16,https://github.com/roostergrin/rooster-reminders-back-end/pull/2677
rooster-reminders-back-end,deploy | LeadSourceContactType | update routes and add controller ,Gordoburrito,2024-07-16,https://github.com/roostergrin/rooster-reminders-back-end/pull/2680
rooster-reminders-back-end,deploy | c9 reservations | batch reservations,BryantFukushima,2024-07-15,https://github.com/roostergrin/rooster-reminders-back-end/pull/2676
rooster-reminders-back-end,fix | c9 reservations | batch reservation sync,BryantFukushima,2024-07-12,https://github.com/roostergrin/rooster-reminders-back-end/pull/2675
rooster-reminders-back-end,Enhancement | text_sender base |  alpha numeric sender irish,Gordoburrito,2024-07-11,https://github.com/roostergrin/rooster-reminders-back-end/pull/2674
rooster-reminders-back-end,deploy unhack | patient sync | valley ortho stuff,qooqu,2024-07-11,https://github.com/roostergrin/rooster-reminders-back-end/pull/2673
rooster-reminders-back-end,unhack | patient sync | valley ortho stuff,qooqu,2024-07-11,https://github.com/roostergrin/rooster-reminders-back-end/pull/2672
rooster-reminders-back-end,enhance | crm | add lead source contact type ,Gordoburrito,2024-07-10,https://github.com/roostergrin/rooster-reminders-back-end/pull/2671
rooster-reminders-back-end,fix | dolphin failed booking alert | missing argument error,BryantFukushima,2024-07-08,https://github.com/roostergrin/rooster-reminders-back-end/pull/2668
rooster-reminders-back-end,sketch of a potential samedayLeadevent.,Gordoburrito,2024-07-08,https://github.com/roostergrin/rooster-reminders-back-end/pull/2670
rooster-reminders-back-end,deploy | dolphin failed booking alert | fix missing argument error ,BryantFukushima,2024-07-08,https://github.com/roostergrin/rooster-reminders-back-end/pull/2669
rooster-reminders-back-end,fix | skyswitch_utils | adds time to log file name,Gordoburrito,2024-07-03,https://github.com/roostergrin/rooster-reminders-back-end/pull/2666
thread-mobile,"deploy | Enhancement | Login, appState | persistent loginAdds",Gordoburrito,2024-07-03,https://github.com/roostergrin/thread-mobile/pull/217
thread-mobile,Migrating from sentry-expo to @sentry/react-native,Gordoburrito,2024-07-03,https://github.com/roostergrin/thread-mobile/pull/216
rooster-reminders-back-end,"deploy enh | SkyswitchUtils, PBX controller | handles skyswitch subscriptions automagically",Gordoburrito,2024-07-03,https://github.com/roostergrin/rooster-reminders-back-end/pull/2667
thread-mobile,"Staging deploy | Enhancement | Login, appState | persistent login",Gordoburrito,2024-07-02,https://github.com/roostergrin/thread-mobile/pull/215
thread-mobile,"Enhancement | Login, appState | persistent login ",Gordoburrito,2024-07-02,https://github.com/roostergrin/thread-mobile/pull/214
rooster_reminders_front_end,update the x button to be a button instead of listening for the event…,Gordoburrito,2024-07-01,https://github.com/roostergrin/rooster_reminders_front_end/pull/833
rooster_reminders_front_end,deploy | MessageOptionsModal | update event bubbling in the message editor,Gordoburrito,2024-07-01,https://github.com/roostergrin/rooster_reminders_front_end/pull/834
rooster-reminders-back-end,deploy hack | c9 patient sync | make it work for valley ortho ,qooqu,2024-07-01,https://github.com/roostergrin/rooster-reminders-back-end/pull/2665
rooster-reminders-back-end,hack | c9 patient sync | make it work for valley ortho,qooqu,2024-07-01,https://github.com/roostergrin/rooster-reminders-back-end/pull/2664
openchair_widget,update | hideZipInput | adds new option,qooqu,2024-06-28,https://github.com/roostergrin/openchair_widget/pull/293
openchair_widget,deploy update | hideZipInput | adds new option,qooqu,2024-06-28,https://github.com/roostergrin/openchair_widget/pull/294
rooster-reminders-back-end,update | create convos for pts | suppress sentry for forwarded texts,qooqu,2024-06-27,https://github.com/roostergrin/rooster-reminders-back-end/pull/2662
openchair_widget,deploy fix | customTimeBounds | move defaults to createTimesArr,qooqu,2024-06-27,https://github.com/roostergrin/openchair_widget/pull/292
openchair_widget,fix | customTimeBounds | move defaults to createTimesArr,qooqu,2024-06-27,https://github.com/roostergrin/openchair_widget/pull/291
rooster-reminders-back-end,deploy update | create convos for pts | suppress sentry for forwarded texts,qooqu,2024-06-27,https://github.com/roostergrin/rooster-reminders-back-end/pull/2663
rooster-reminders-back-end,update | convos pt contact info | handle case of email address constructed from phone number,qooqu,2024-06-25,https://github.com/roostergrin/rooster-reminders-back-end/pull/2661
rooster-reminders-back-end,update | text forwarding | remove conversation logic NEVERMIND,qooqu,2024-06-25,https://github.com/roostergrin/rooster-reminders-back-end/pull/2660
openchair_widget,fix | pass customTimeBounds to mobile component,qooqu,2024-06-24,https://github.com/roostergrin/openchair_widget/pull/289
rooster-reminders-back-end,fix | skyswitch_worker | skyswitch direction incoming number,Gordoburrito,2024-06-24,https://github.com/roostergrin/rooster-reminders-back-end/pull/2658
openchair_widget,deploy | fix | pass customTimeBounds to mobile component,qooqu,2024-06-24,https://github.com/roostergrin/openchair_widget/pull/290
rooster-reminders-back-end,deploy fix | skyswitch_worker | skyswitch incoming number error fixed,Gordoburrito,2024-06-24,https://github.com/roostergrin/rooster-reminders-back-end/pull/2659
rooster-reminders-back-end,"enh | SkyswitchUtils, PBX controller | handles skyswitch subscriptions automagically",Gordoburrito,2024-06-20,https://github.com/roostergrin/rooster-reminders-back-end/pull/2657
openchair_widget,deploy | feat | time dropdown | adds option to set upper bound,qooqu,2024-06-20,https://github.com/roostergrin/openchair_widget/pull/288
openchair_widget,fix | adds default value for customTimeBounds,qooqu,2024-06-20,https://github.com/roostergrin/openchair_widget/pull/287
rooster-reminders-back-end,"deploy | update | pbx skyswitch controller to accept more params, updates logging for calls",Gordoburrito,2024-06-19,https://github.com/roostergrin/rooster-reminders-back-end/pull/2656
openchair_widget,feat | time dropdown | adds option to set upper bound,qooqu,2024-06-19,https://github.com/roostergrin/openchair_widget/pull/286
rooster-reminders-back-end,updates logging,Gordoburrito,2024-06-17,https://github.com/roostergrin/rooster-reminders-back-end/pull/2655
rooster-reminders-back-end,update | pbx controller | allow skyswitch params,qooqu,2024-06-14,https://github.com/roostergrin/rooster-reminders-back-end/pull/2654
rooster-reminders-back-end,fix | dolphin | daytime appts sync failure,BryantFukushima,2024-06-14,https://github.com/roostergrin/rooster-reminders-back-end/pull/2652
rooster-reminders-back-end,deploy fix | dolphin | appt sync failures,BryantFukushima,2024-06-14,https://github.com/roostergrin/rooster-reminders-back-end/pull/2653
rooster-reminders-back-end,deploy hack | conversation | don't use cache for harmony,qooqu,2024-06-13,https://github.com/roostergrin/rooster-reminders-back-end/pull/2651
rooster_reminders_front_end,deploy fix | settings | logic for tabs and adds missed call text for depew,qooqu,2024-06-13,https://github.com/roostergrin/rooster_reminders_front_end/pull/832
rooster_reminders_front_end,fix | settings | logic for tabs and adds missed call text for depew,qooqu,2024-06-13,https://github.com/roostergrin/rooster_reminders_front_end/pull/831
rooster-reminders-back-end,deploy update | dolphin rp sync | only get updated since last sync,qooqu,2024-06-13,https://github.com/roostergrin/rooster-reminders-back-end/pull/2649
rooster-reminders-back-end,update | dolphin rp sync | only get updated since last sync,qooqu,2024-06-13,https://github.com/roostergrin/rooster-reminders-back-end/pull/2648
rooster-reminders-back-end,hack | conversation | don't use cache for harmony,qooqu,2024-06-13,https://github.com/roostergrin/rooster-reminders-back-end/pull/2650
rooster_reminders_front_end,deploy update | missed call text | logic and add ricci,qooqu,2024-06-12,https://github.com/roostergrin/rooster_reminders_front_end/pull/830
rooster-reminders-back-end,update | widget auth | short circuit for gtm probes and old dev tokens,qooqu,2024-06-12,https://github.com/roostergrin/rooster-reminders-back-end/pull/2646
rooster_reminders_front_end,update | missed call text | logic and add ricci,qooqu,2024-06-12,https://github.com/roostergrin/rooster_reminders_front_end/pull/829
rooster-reminders-back-end,deploy update | widget auth | short circuit for gtm probes and old dev tokens,qooqu,2024-06-12,https://github.com/roostergrin/rooster-reminders-back-end/pull/2647
rooster-reminders-back-end,update | blast pt statuses | allow shirck to blast inactive pts,qooqu,2024-06-11,https://github.com/roostergrin/rooster-reminders-back-end/pull/2642
rooster-reminders-back-end,deploy update | blast pt statuses | allow shirck to blast inactive pts,qooqu,2024-06-11,https://github.com/roostergrin/rooster-reminders-back-end/pull/2643
rooster-reminders-back-end,update | widget auth sentry | stop logging gtm probes,qooqu,2024-06-11,https://github.com/roostergrin/rooster-reminders-back-end/pull/2644
rooster-reminders-back-end,deploy update | widget auth sentry | stop logging gtm probes,qooqu,2024-06-11,https://github.com/roostergrin/rooster-reminders-back-end/pull/2645
rooster-reminders-back-end,deploy | update | active hours | add active hours controller and routes ,Gordoburrito,2024-06-07,https://github.com/roostergrin/rooster-reminders-back-end/pull/2641
rooster-reminders-back-end,Update | otv2 | daytime sync perform fix and add sandbox to daytime,BryantFukushima,2024-06-07,https://github.com/roostergrin/rooster-reminders-back-end/pull/2639
rooster-reminders-back-end,Deploy | OTV2 | daytime appts fix and add otv2 sandbox,BryantFukushima,2024-06-07,https://github.com/roostergrin/rooster-reminders-back-end/pull/2640
rooster_reminders_front_end,deploy | update | message settings | add Active Hours UI to missed call settings ,Gordoburrito,2024-06-07,https://github.com/roostergrin/rooster_reminders_front_end/pull/828
rooster-reminders-back-end,update | active hours | add active hours controller and routes,Gordoburrito,2024-06-06,https://github.com/roostergrin/rooster-reminders-back-end/pull/2638
rooster-reminders-back-end,deploy | otv2 - daytime syncs | sidekiq manual revert,BryantFukushima,2024-06-05,https://github.com/roostergrin/rooster-reminders-back-end/pull/2637
rooster_reminders_front_end,Update | Message Settings | add OrthoTracV2 to eligible pracs,BryantFukushima,2024-06-05,https://github.com/roostergrin/rooster_reminders_front_end/pull/825
rooster_reminders_front_end,deploy | message settings | add otv2 to eligible pmses ,BryantFukushima,2024-06-05,https://github.com/roostergrin/rooster_reminders_front_end/pull/826
rooster-reminders-back-end,Feat | OTV2 | Daytime Syncs,BryantFukushima,2024-06-05,https://github.com/roostergrin/rooster-reminders-back-end/pull/2636
rooster_reminders_front_end,update | message settings | add Active Hours UI to missed call settings,Gordoburrito,2024-06-05,https://github.com/roostergrin/rooster_reminders_front_end/pull/827
rooster-reminders-back-end,update | sidekiq | manual revert recent changes,qooqu,2024-06-04,https://github.com/roostergrin/rooster-reminders-back-end/pull/2635
rooster-reminders-back-end,"Revert ""deploy update | sidekiq | mega clean up""",qooqu,2024-06-04,https://github.com/roostergrin/rooster-reminders-back-end/pull/2634
rooster_reminders_front_end,update | custom post | add cb ortho,qooqu,2024-06-03,https://github.com/roostergrin/rooster_reminders_front_end/pull/823
rooster_reminders_front_end,deploy update | custom post | add cb ortho,qooqu,2024-06-03,https://github.com/roostergrin/rooster_reminders_front_end/pull/824
rooster-reminders-back-end,update | sidekiq | even more mega,qooqu,2024-06-01,https://github.com/roostergrin/rooster-reminders-back-end/pull/2632
rooster-reminders-back-end,deploy update | sidekiq | mega clean up,qooqu,2024-06-01,https://github.com/roostergrin/rooster-reminders-back-end/pull/2633
rooster_reminders_front_end,deploy update | left menu | add os to messages icon active,qooqu,2024-05-31,https://github.com/roostergrin/rooster_reminders_front_end/pull/822
rooster_reminders_front_end,update | left menu | add os to messages icon active,qooqu,2024-05-31,https://github.com/roostergrin/rooster_reminders_front_end/pull/821
rooster-reminders-back-end,update | sidekiq | mega clean up,qooqu,2024-05-31,https://github.com/roostergrin/rooster-reminders-back-end/pull/2630
rooster-reminders-back-end,update | sidekiq | more mega,qooqu,2024-05-31,https://github.com/roostergrin/rooster-reminders-back-end/pull/2631
rooster-reminders-back-end,deploy update | dolphin os | add appt id to booking appt,qooqu,2024-05-31,https://github.com/roostergrin/rooster-reminders-back-end/pull/2629
rooster-reminders-back-end,update | dolphin os | add appt id to booking appt,qooqu,2024-05-30,https://github.com/roostergrin/rooster-reminders-back-end/pull/2628
rooster-reminders-back-end,Updates create_lead to use the right variable.,Gordoburrito,2024-05-24,https://github.com/roostergrin/rooster-reminders-back-end/pull/2626
rooster-reminders-back-end,deploy | fix create_lead to use the right variable.,Gordoburrito,2024-05-24,https://github.com/roostergrin/rooster-reminders-back-end/pull/2627
openchair_widget,deploy update | add redirect option,qooqu,2024-05-23,https://github.com/roostergrin/openchair_widget/pull/285
thread-mobile,remove the promise resolution,Gordoburrito,2024-05-23,https://github.com/roostergrin/thread-mobile/pull/212
thread-mobile,updates sentry configuration to work with the build,Gordoburrito,2024-05-23,https://github.com/roostergrin/thread-mobile/pull/213
thread-mobile,turn off background notifications build to see if in test flight that it doesn't crash,Gordoburrito,2024-05-22,https://github.com/roostergrin/thread-mobile/pull/209
thread-mobile,turn off background notifications so that it goes into test flight,Gordoburrito,2024-05-22,https://github.com/roostergrin/thread-mobile/pull/210
thread-mobile,Sentry fix,Gordoburrito,2024-05-22,https://github.com/roostergrin/thread-mobile/pull/211
openchair_widget,update | add redirect option,qooqu,2024-05-22,https://github.com/roostergrin/openchair_widget/pull/284
thread-mobile,turn off background notifications,Gordoburrito,2024-05-22,https://github.com/roostergrin/thread-mobile/pull/208
rooster_reminders_front_end,deploy update | product stuff | names and left bar icons,qooqu,2024-05-22,https://github.com/roostergrin/rooster_reminders_front_end/pull/820
thread-mobile,Fix crashes rm shadowOffset and Platform conditionals,Gordoburrito,2024-05-21,https://github.com/roostergrin/thread-mobile/pull/207
thread-mobile,update minor crash on logout button click and old Platform bug,Gordoburrito,2024-05-21,https://github.com/roostergrin/thread-mobile/pull/206
rooster-reminders-back-end,update | do not send | add larson patient status check,qooqu,2024-05-20,https://github.com/roostergrin/rooster-reminders-back-end/pull/2624
rooster-reminders-back-end,deploy udpate | c9 os api | add white ortho,qooqu,2024-05-20,https://github.com/roostergrin/rooster-reminders-back-end/pull/2623
rooster-reminders-back-end,udpate | c9 os api | add white ortho,qooqu,2024-05-20,https://github.com/roostergrin/rooster-reminders-back-end/pull/2622
thread-mobile,merge staging into master,Gordoburrito,2024-05-20,https://github.com/roostergrin/thread-mobile/pull/201
thread-mobile,updates testing node modules,Gordoburrito,2024-05-20,https://github.com/roostergrin/thread-mobile/pull/202
thread-mobile,update testing node modules,Gordoburrito,2024-05-20,https://github.com/roostergrin/thread-mobile/pull/203
thread-mobile,udpates node modules for test,Gordoburrito,2024-05-20,https://github.com/roostergrin/thread-mobile/pull/204
thread-mobile,deploy | udpates node modules for test,Gordoburrito,2024-05-20,https://github.com/roostergrin/thread-mobile/pull/205
thread-mobile,update to expo 51 change circle ci node versions to be compatible,Gordoburrito,2024-05-20,https://github.com/roostergrin/thread-mobile/pull/200
rooster-reminders-back-end,"deploy [ update | crm | add practice notification ms, update | do not send | add larson patient status check ]",qooqu,2024-05-20,https://github.com/roostergrin/rooster-reminders-back-end/pull/2625
thread-mobile,updates to 50,Gordoburrito,2024-05-17,https://github.com/roostergrin/thread-mobile/pull/197
thread-mobile,updates to 50,Gordoburrito,2024-05-17,https://github.com/roostergrin/thread-mobile/pull/198
thread-mobile,update to 51,Gordoburrito,2024-05-17,https://github.com/roostergrin/thread-mobile/pull/199
rooster-reminders-back-end,update | console | adds pry-byebug and pry config,qooqu,2024-05-17,https://github.com/roostergrin/rooster-reminders-back-end/pull/2619
rooster-reminders-back-end,update | console | add pry-byebug and pry config,BryantFukushima,2024-05-17,https://github.com/roostergrin/rooster-reminders-back-end/pull/2620
rooster-reminders-back-end,update | console | add pry-byebug and pry config (for development),BryantFukushima,2024-05-17,https://github.com/roostergrin/rooster-reminders-back-end/pull/2621
rooster-reminders-back-end,deploy update | Cloud9 parser | scope sentry errors to prod only,qooqu,2024-05-16,https://github.com/roostergrin/rooster-reminders-back-end/pull/2616
rooster-reminders-back-end,fix | cloud9 os api | rp info rate limit and minor refactor,qooqu,2024-05-16,https://github.com/roostergrin/rooster-reminders-back-end/pull/2617
rooster-reminders-back-end,deploy fix | cloud9 os api | rp info rate limit and minor refactor,qooqu,2024-05-16,https://github.com/roostergrin/rooster-reminders-back-end/pull/2618
rooster_reminders_front_end,update | product stuff | names and left bar icons,qooqu,2024-05-16,https://github.com/roostergrin/rooster_reminders_front_end/pull/819
rooster-reminders-back-end,deploy update | Orchard of Smiles | send api errors to sentry,qooqu,2024-05-15,https://github.com/roostergrin/rooster-reminders-back-end/pull/2614
rooster-reminders-back-end,update | Cloud9 parser | scope sentry errors to prod only,BryantFukushima,2024-05-15,https://github.com/roostergrin/rooster-reminders-back-end/pull/2615
rooster_reminders_front_end,update | custom post | adds keyser,qooqu,2024-05-15,https://github.com/roostergrin/rooster_reminders_front_end/pull/817
rooster_reminders_front_end,deploy update | custom post | adds keyser,qooqu,2024-05-15,https://github.com/roostergrin/rooster_reminders_front_end/pull/818
rooster-reminders-back-end,update | Orchard of Smiles | send api errors to sentry,BryantFukushima,2024-05-15,https://github.com/roostergrin/rooster-reminders-back-end/pull/2613
thread-mobile,build updates and sets to update for the BITRISE_APP_PLATFORM,Gordoburrito,2024-05-15,https://github.com/roostergrin/thread-mobile/pull/196
thread-mobile,build updates and sets to update for the BITRISE_APP_PLATFORM,Gordoburrito,2024-05-15,https://github.com/roostergrin/thread-mobile/pull/195
thread-mobile,typo,Gordoburrito,2024-05-14,https://github.com/roostergrin/thread-mobile/pull/193
thread-mobile,deploy| updates to build for both ios and android,Gordoburrito,2024-05-14,https://github.com/roostergrin/thread-mobile/pull/192
thread-mobile,updates to build for both ios and android :shrug:,Gordoburrito,2024-05-14,https://github.com/roostergrin/thread-mobile/pull/191
rooster-reminders-back-end,update | crm | add practice notification ms,qooqu,2024-05-14,https://github.com/roostergrin/rooster-reminders-back-end/pull/2612
thread-mobile,Enhanced message handling for unknown numbers - v2.3.2,Gordoburrito,2024-05-14,https://github.com/roostergrin/thread-mobile/pull/190
thread-mobile,update version,Gordoburrito,2024-05-14,https://github.com/roostergrin/thread-mobile/pull/189
thread-mobile,Feat text unknown number,Gordoburrito,2024-05-14,https://github.com/roostergrin/thread-mobile/pull/188
thread-mobile,fix typo,Gordoburrito,2024-05-14,https://github.com/roostergrin/thread-mobile/pull/194
rooster-reminders-back-end,deploy update | active hours | fix on_day scope and add ensure_active_hours,qooqu,2024-05-10,https://github.com/roostergrin/rooster-reminders-back-end/pull/2609
rooster-reminders-back-end,fix | active_hours | on_day,qooqu,2024-05-10,https://github.com/roostergrin/rooster-reminders-back-end/pull/2610
rooster-reminders-back-end,deploy fix | active_hours | on_day,qooqu,2024-05-10,https://github.com/roostergrin/rooster-reminders-back-end/pull/2611
rooster-reminders-back-end,deploy [ update | prevent default MSs for SSP ] and [ feat | adds active hours ],qooqu,2024-05-10,https://github.com/roostergrin/rooster-reminders-back-end/pull/2607
rooster-reminders-back-end,update | active hours | fix on_day scope and add ensure_active_hours,qooqu,2024-05-10,https://github.com/roostergrin/rooster-reminders-back-end/pull/2608
openchair_widget,update | liine | changed their api,qooqu,2024-05-10,https://github.com/roostergrin/openchair_widget/pull/282
openchair_widget,deploy update | liine | changed their api,qooqu,2024-05-10,https://github.com/roostergrin/openchair_widget/pull/283
rooster-reminders-back-end,fix | active_hours | time string handling and active_hours check from…,qooqu,2024-05-09,https://github.com/roostergrin/rooster-reminders-back-end/pull/2606
rooster-reminders-back-end,"deploy update | reopen closed bookings | update prac list, beta filter, add holladay",qooqu,2024-05-08,https://github.com/roostergrin/rooster-reminders-back-end/pull/2603
rooster-reminders-back-end,feat | adds active hours,qooqu,2024-05-08,https://github.com/roostergrin/rooster-reminders-back-end/pull/2605
rooster-reminders-back-end,"update | reopen closed bookings | update prac list, beta filter, add holladay",qooqu,2024-05-08,https://github.com/roostergrin/rooster-reminders-back-end/pull/2602
rooster-reminders-back-end,update | prevent default MSs for SSP,BryantFukushima,2024-05-08,https://github.com/roostergrin/rooster-reminders-back-end/pull/2604
rooster-reminders-back-end,fix / update | convert leads worker | use helpers and add exist appt check,qooqu,2024-05-02,https://github.com/roostergrin/rooster-reminders-back-end/pull/2600
rooster-reminders-back-end,update | add convert leads worker,qooqu,2024-05-02,https://github.com/roostergrin/rooster-reminders-back-end/pull/2597
rooster-reminders-back-end,deploy fix / update | convert leads worker | use helpers and add exist appt check,qooqu,2024-05-02,https://github.com/roostergrin/rooster-reminders-back-end/pull/2601
rooster-reminders-back-end,deploy update | add convert leads worker,qooqu,2024-05-02,https://github.com/roostergrin/rooster-reminders-back-end/pull/2598
rooster-reminders-back-end,fix | convert leads worker | path,qooqu,2024-05-02,https://github.com/roostergrin/rooster-reminders-back-end/pull/2599
rooster-reminders-back-end,update | call | name rp stuff and create lead / existing caller stuff,qooqu,2024-05-01,https://github.com/roostergrin/rooster-reminders-back-end/pull/2595
rooster-reminders-back-end,deploy | a lot ... see description,qooqu,2024-05-01,https://github.com/roostergrin/rooster-reminders-back-end/pull/2594
rooster-reminders-back-end,deploy update | call | name rp stuff and create lead / existing caller stuff,qooqu,2024-05-01,https://github.com/roostergrin/rooster-reminders-back-end/pull/2596
rooster-reminders-back-end,update | leads and patients relationship | many to many,qooqu,2024-04-30,https://github.com/roostergrin/rooster-reminders-back-end/pull/2592
rooster-reminders-back-end,update | lead patient match | loosen restrictions,qooqu,2024-04-30,https://github.com/roostergrin/rooster-reminders-back-end/pull/2593
rooster-reminders-back-end,update | console to pry,qooqu,2024-04-29,https://github.com/roostergrin/rooster-reminders-back-end/pull/2590
rooster-reminders-back-end,update | add routes | leads/with_events and leads/bulk_update,Gordoburrito,2024-04-29,https://github.com/roostergrin/rooster-reminders-back-end/pull/2591
rooster-reminders-back-end,update | lead | add active,qooqu,2024-04-26,https://github.com/roostergrin/rooster-reminders-back-end/pull/2588
rooster-reminders-back-end,deploy | lots of stuff,qooqu,2024-04-26,https://github.com/roostergrin/rooster-reminders-back-end/pull/2589
rooster-reminders-back-end,update | unknown lead from call | name from cnam,qooqu,2024-04-25,https://github.com/roostergrin/rooster-reminders-back-end/pull/2587
rooster-reminders-back-end,update | call model | add caller id,qooqu,2024-04-25,https://github.com/roostergrin/rooster-reminders-back-end/pull/2586
rooster-reminders-back-end,update | crm assoc pts worker | add lead event; minor magic number cleanup,qooqu,2024-04-25,https://github.com/roostergrin/rooster-reminders-back-end/pull/2585
rooster-reminders-back-end,update | crm assoc pts worker | get rid of converted constraint,qooqu,2024-04-24,https://github.com/roostergrin/rooster-reminders-back-end/pull/2583
rooster-reminders-back-end,deploy update | crm assoc pts worker | get rid of converted constraint,qooqu,2024-04-24,https://github.com/roostergrin/rooster-reminders-back-end/pull/2584
rooster-reminders-back-end,deploy update | coredial | error log,qooqu,2024-04-23,https://github.com/roostergrin/rooster-reminders-back-end/pull/2582
rooster-reminders-back-end,update | coredial | error log,qooqu,2024-04-23,https://github.com/roostergrin/rooster-reminders-back-end/pull/2581
rooster-reminders-back-end,deploy fix | coredial | uccall id,qooqu,2024-04-23,https://github.com/roostergrin/rooster-reminders-back-end/pull/2580
rooster-reminders-back-end,fix | coredial | uccall id,qooqu,2024-04-23,https://github.com/roostergrin/rooster-reminders-back-end/pull/2579
rooster-reminders-back-end,deploy fix | Email model lead events AND fix | coredial | handle uccall,qooqu,2024-04-22,https://github.com/roostergrin/rooster-reminders-back-end/pull/2578
rooster-reminders-back-end,fix | Email model lead events,Gordoburrito,2024-04-19,https://github.com/roostergrin/rooster-reminders-back-end/pull/2576
rooster-reminders-back-end,deploy hotfix | patient lead assoc | at symbols,qooqu,2024-04-19,https://github.com/roostergrin/rooster-reminders-back-end/pull/2575
rooster-reminders-back-end,hotfix | patient lead assoc | at symbols,qooqu,2024-04-19,https://github.com/roostergrin/rooster-reminders-back-end/pull/2574
rooster-reminders-back-end,fix | coredial | handle uccall,qooqu,2024-04-19,https://github.com/roostergrin/rooster-reminders-back-end/pull/2577
rooster-reminders-back-end,deploy enhance | emails | add s3_obj_id AND update | patient | associate existing lead,qooqu,2024-04-18,https://github.com/roostergrin/rooster-reminders-back-end/pull/2573
rooster-reminders-back-end,update | tracking | set default lead source to direct,qooqu,2024-04-17,https://github.com/roostergrin/rooster-reminders-back-end/pull/2570
rooster-reminders-back-end,deploy update | leads | prevent dups AND update | tracking | set default lead source to direct,qooqu,2024-04-17,https://github.com/roostergrin/rooster-reminders-back-end/pull/2571
rooster-reminders-back-end,enhance | emails | add s3_obj_id,Gordoburrito,2024-04-17,https://github.com/roostergrin/rooster-reminders-back-end/pull/2572
rooster-reminders-back-end,update | leads | prevent dups,qooqu,2024-04-16,https://github.com/roostergrin/rooster-reminders-back-end/pull/2568
rooster-reminders-back-end,update | patient | associate existing lead,qooqu,2024-04-16,https://github.com/roostergrin/rooster-reminders-back-end/pull/2569
rooster-reminders-back-end,deploy update | call model create_or_update_lead and all lrp to prac model,qooqu,2024-04-15,https://github.com/roostergrin/rooster-reminders-back-end/pull/2567
rooster-reminders-back-end,update | call model create_or_update_lead and all lrp to prac model,qooqu,2024-04-15,https://github.com/roostergrin/rooster-reminders-back-end/pull/2566
rooster-reminders-back-end,fix | calls replies controller,qooqu,2024-04-12,https://github.com/roostergrin/rooster-reminders-back-end/pull/2565
rooster-reminders-back-end,fix | calls replies controller,qooqu,2024-04-12,https://github.com/roostergrin/rooster-reminders-back-end/pull/2564
rooster-reminders-back-end,deploy update | new lead from text | check for exist leads only within prac,qooqu,2024-04-12,https://github.com/roostergrin/rooster-reminders-back-end/pull/2563
rooster-reminders-back-end,update | new lead from text | check for exist leads only within prac,qooqu,2024-04-12,https://github.com/roostergrin/rooster-reminders-back-end/pull/2562
openchair_widget,update | liine | adds appointment_time param to post,qooqu,2024-04-12,https://github.com/roostergrin/openchair_widget/pull/280
openchair_widget,deploy update | liine | adds appointment_time param to post,qooqu,2024-04-12,https://github.com/roostergrin/openchair_widget/pull/281
rooster-reminders-back-end,deploy | fix | lead events for email and text stuff AND update | crm | add click to call / text tracking,qooqu,2024-04-12,https://github.com/roostergrin/rooster-reminders-back-end/pull/2561
rooster-reminders-back-end,revert | tracking controller stuff,Gordoburrito,2024-04-10,https://github.com/roostergrin/rooster-reminders-back-end/pull/2560
rooster-reminders-back-end,update | crm | add click to call / text tracking,Gordoburrito,2024-04-10,https://github.com/roostergrin/rooster-reminders-back-end/pull/2559
rooster-reminders-back-end,update | c9 os api | allowed pracs refactor and remove ooso,qooqu,2024-04-05,https://github.com/roostergrin/rooster-reminders-back-end/pull/2558
rooster-reminders-back-end,fix | lead events for email and text stuff ... and oops some tracking stuff by accident,Gordoburrito,2024-04-04,https://github.com/roostergrin/rooster-reminders-back-end/pull/2557
rooster-reminders-back-end,deploy update | lead update controller and  c9 os api,Gordoburrito,2024-04-03,https://github.com/roostergrin/rooster-reminders-back-end/pull/2556
rooster_reminders_front_end,deploy update | message settings | filter out lead custom message settings,qooqu,2024-04-02,https://github.com/roostergrin/rooster_reminders_front_end/pull/816
rooster-reminders-back-end,update | lead update controller | refactor logic and handle converted leads,Gordoburrito,2024-04-01,https://github.com/roostergrin/rooster-reminders-back-end/pull/2555
rooster_reminders_front_end,update | message settings | filter out lead custom message settings,qooqu,2024-04-01,https://github.com/roostergrin/rooster_reminders_front_end/pull/815
rooster-reminders-back-end,update | crm conversations index controller | use leads_determine_who_to_contact,qooqu,2024-03-29,https://github.com/roostergrin/rooster-reminders-back-end/pull/2553
rooster-reminders-back-end,deploy update | crm conversations index controller | use leads_determine_who_to_contact,qooqu,2024-03-29,https://github.com/roostergrin/rooster-reminders-back-end/pull/2554
rooster-reminders-back-end,update | upsertion | crm daily metrics records,BryantFukushima,2024-03-28,https://github.com/roostergrin/rooster-reminders-back-end/pull/2548
rooster-reminders-back-end,Deploy | removes white ortho from c9 responsible party feature,Gordoburrito,2024-03-28,https://github.com/roostergrin/rooster-reminders-back-end/pull/2550
rooster-reminders-back-end,update | remove white ortho from new c9 stuff,qooqu,2024-03-28,https://github.com/roostergrin/rooster-reminders-back-end/pull/2551
rooster-reminders-back-end,!!! DEPLOY CRM OMG LOL !!!,qooqu,2024-03-28,https://github.com/roostergrin/rooster-reminders-back-end/pull/2552
openchair_widget,update | liine | send is_new param as string,qooqu,2024-03-28,https://github.com/roostergrin/openchair_widget/pull/278
openchair_widget,deploy update | liine | send is_new param as string,qooqu,2024-03-28,https://github.com/roostergrin/openchair_widget/pull/279
rooster-reminders-back-end,move lead events controller to proper folder and path,Gordoburrito,2024-03-28,https://github.com/roostergrin/rooster-reminders-back-end/pull/2549
rooster-reminders-back-end,new product | crm,qooqu,2024-03-27,https://github.com/roostergrin/rooster-reminders-back-end/pull/2547
rooster-reminders-back-end, fix | Cloud9 Patient Demographic,BryantFukushima,2024-03-26,https://github.com/roostergrin/rooster-reminders-back-end/pull/2545
rooster-reminders-back-end,Deploy | C9 Patient Demographic,BryantFukushima,2024-03-26,https://github.com/roostergrin/rooster-reminders-back-end/pull/2546
openchair_widget,deploy update | liine | add params,qooqu,2024-03-22,https://github.com/roostergrin/openchair_widget/pull/277
rooster-reminders-back-end,crm-staging | google ads integration and sync,BryantFukushima,2024-03-22,https://github.com/roostergrin/rooster-reminders-back-end/pull/2543
openchair_widget,update | liine | add params,qooqu,2024-03-22,https://github.com/roostergrin/openchair_widget/pull/276
rooster-reminders-back-end,crm-staging | text | remove fn with name conflict,qooqu,2024-03-22,https://github.com/roostergrin/rooster-reminders-back-end/pull/2544
rooster-reminders-back-end,crm-staging |  booking | update create_lead_event,qooqu,2024-03-21,https://github.com/roostergrin/rooster-reminders-back-end/pull/2541
rooster-reminders-back-end,crm-staging | call | fixes and tweaks,qooqu,2024-03-21,https://github.com/roostergrin/rooster-reminders-back-end/pull/2542
rooster-reminders-back-end,crm-staging | blasts | fix circular reference,qooqu,2024-03-21,https://github.com/roostergrin/rooster-reminders-back-end/pull/2540
rooster-reminders-back-end,crm-staging | fix create_lead_event,qooqu,2024-03-21,https://github.com/roostergrin/rooster-reminders-back-end/pull/2538
rooster-reminders-back-end,crm-staging | update crm message scheduling,qooqu,2024-03-21,https://github.com/roostergrin/rooster-reminders-back-end/pull/2539
rooster-reminders-back-end,"crm-staging | blasts | some tweaks, adds lead skipper",qooqu,2024-03-20,https://github.com/roostergrin/rooster-reminders-back-end/pull/2537
rooster-reminders-back-end,crm-staging | centralize magic numbers,qooqu,2024-03-19,https://github.com/roostergrin/rooster-reminders-back-end/pull/2532
rooster-reminders-back-end,crm-staging | consolidate migrations,qooqu,2024-03-19,https://github.com/roostergrin/rooster-reminders-back-end/pull/2531
rooster-reminders-back-end,crm-staging | only schedule messages for a lead's latest lead event,qooqu,2024-03-19,https://github.com/roostergrin/rooster-reminders-back-end/pull/2535
rooster-reminders-back-end,crm-staging | message scheduler | fix date range,qooqu,2024-03-19,https://github.com/roostergrin/rooster-reminders-back-end/pull/2536
rooster-reminders-back-end,crm-staging | prevent lead events on converted leads,qooqu,2024-03-19,https://github.com/roostergrin/rooster-reminders-back-end/pull/2534
rooster-reminders-back-end,crm-staging | update conversations for the inbox,Gordoburrito,2024-03-19,https://github.com/roostergrin/rooster-reminders-back-end/pull/2533
rooster-reminders-back-end,crm-staging | merge staging,qooqu,2024-03-18,https://github.com/roostergrin/rooster-reminders-back-end/pull/2527
rooster-reminders-back-end,update | dolphin url encoding for dates,qooqu,2024-03-18,https://github.com/roostergrin/rooster-reminders-back-end/pull/2528
rooster-reminders-back-end,crm-staging | merge staging,qooqu,2024-03-18,https://github.com/roostergrin/rooster-reminders-back-end/pull/2530
rooster-reminders-back-end,deploy update | dolphin url encoding for dates,qooqu,2024-03-18,https://github.com/roostergrin/rooster-reminders-back-end/pull/2529
rooster-reminders-back-end,"deploy update | do_not_send | capogna, pending pts",qooqu,2024-03-15,https://github.com/roostergrin/rooster-reminders-back-end/pull/2526
rooster-reminders-back-end,"update | do_not_send | capogna, pending pts",qooqu,2024-03-14,https://github.com/roostergrin/rooster-reminders-back-end/pull/2525
rooster-reminders-back-end,update | c9 os updates | adds white ortho,qooqu,2024-03-14,https://github.com/roostergrin/rooster-reminders-back-end/pull/2523
rooster-reminders-back-end,crm-staging | Refactor lead_events_controller and routes.rb,Gordoburrito,2024-03-14,https://github.com/roostergrin/rooster-reminders-back-end/pull/2522
rooster-reminders-back-end,crm-staging | create lead from unknown inbound text,qooqu,2024-03-14,https://github.com/roostergrin/rooster-reminders-back-end/pull/2521
rooster-reminders-back-end,deploy update | c9 os updates | adds white ortho,qooqu,2024-03-14,https://github.com/roostergrin/rooster-reminders-back-end/pull/2524
rooster-reminders-back-end,crm-staging | create lead from unknown inbound call,qooqu,2024-03-13,https://github.com/roostergrin/rooster-reminders-back-end/pull/2520
rooster-reminders-back-end,crm-staging | create lead and lead responsible party from OS widget,qooqu,2024-03-13,https://github.com/roostergrin/rooster-reminders-back-end/pull/2519
rooster-reminders-back-end,deploy udpate | dolphin os create appt | error handling,qooqu,2024-03-12,https://github.com/roostergrin/rooster-reminders-back-end/pull/2518
rooster-reminders-back-end,udpate | dolphin os create appt | error handling,qooqu,2024-03-12,https://github.com/roostergrin/rooster-reminders-back-end/pull/2517
rooster-reminders-back-end,crm-staging | blast leads,Gordoburrito,2024-03-11,https://github.com/roostergrin/rooster-reminders-back-end/pull/2516
rooster-reminders-back-end,crm-staging | adds lead_revenue_estimate stuff,qooqu,2024-03-09,https://github.com/roostergrin/rooster-reminders-back-end/pull/2515
rooster_reminders_front_end,update | textingonly | missed call text requires voip,qooqu,2024-03-08,https://github.com/roostergrin/rooster_reminders_front_end/pull/813
rooster_reminders_front_end,deploy update | textingonly | missed call text requires voip,qooqu,2024-03-08,https://github.com/roostergrin/rooster_reminders_front_end/pull/814
openchair_widget,deploy update | ssp liine os | choose endpoint by location,qooqu,2024-03-07,https://github.com/roostergrin/openchair_widget/pull/275
openchair_widget,update | ssp liine os | choose endpoint by location,qooqu,2024-03-07,https://github.com/roostergrin/openchair_widget/pull/274
rooster-reminders-back-end,deploy update | post recall reminders | check for appts since recall date,qooqu,2024-03-07,https://github.com/roostergrin/rooster-reminders-back-end/pull/2514
openchair_widget,update | ssp liine os | choose endpoint by location,qooqu,2024-03-07,https://github.com/roostergrin/openchair_widget/pull/272
openchair_widget,deploy update | ssp liine os | choose endpoint by location,qooqu,2024-03-07,https://github.com/roostergrin/openchair_widget/pull/273
rooster-reminders-back-end,update | post recall reminders | check for appts since recall date,qooqu,2024-03-06,https://github.com/roostergrin/rooster-reminders-back-end/pull/2513
rooster_reminders_front_end,deploy update | adds textingonly product,qooqu,2024-03-05,https://github.com/roostergrin/rooster_reminders_front_end/pull/811
openchair_widget,deploy update | ssp liine | add guard for no liine info #270,qooqu,2024-03-05,https://github.com/roostergrin/openchair_widget/pull/271
openchair_widget,update | ssp liine | add guard for no liine info,qooqu,2024-03-05,https://github.com/roostergrin/openchair_widget/pull/270
rooster-reminders-back-end,deploy update | adds textingonly product #2511,qooqu,2024-03-05,https://github.com/roostergrin/rooster-reminders-back-end/pull/2512
rooster_reminders_front_end,update | texting only | adds texting unknown number,qooqu,2024-03-05,https://github.com/roostergrin/rooster_reminders_front_end/pull/812
rooster_reminders_front_end,update | adds textingonly product,qooqu,2024-03-04,https://github.com/roostergrin/rooster_reminders_front_end/pull/810
rooster_reminders_front_end,deploy update | login | adds forgot pw #808,qooqu,2024-03-04,https://github.com/roostergrin/rooster_reminders_front_end/pull/809
rooster-reminders-back-end,update | adds textingonly product,qooqu,2024-03-04,https://github.com/roostergrin/rooster-reminders-back-end/pull/2511
rooster_reminders_front_end,update | missed call text | refactor eligible and add mattiacio,qooqu,2024-03-01,https://github.com/roostergrin/rooster_reminders_front_end/pull/806
rooster_reminders_front_end,deploy update | missed call text | refactor eligible and add mattiacio #806,qooqu,2024-03-01,https://github.com/roostergrin/rooster_reminders_front_end/pull/807
rooster-reminders-back-end,"deploy update | c9 OS | create responsible party, add email and cell to pt #2488",Gordoburrito,2024-03-01,https://github.com/roostergrin/rooster-reminders-back-end/pull/2508
rooster-reminders-back-end,feat | CRM | adding ad account controllers for onboarding,BryantFukushima,2024-03-01,https://github.com/roostergrin/rooster-reminders-back-end/pull/2507
rooster-reminders-back-end,crm-staging: makes lead event on lead status change,Gordoburrito,2024-03-01,https://github.com/roostergrin/rooster-reminders-back-end/pull/2506
rooster-reminders-back-end,deploy hotfix | C9 OS | adds eligibility check: does prac have a default_relationship_type?,Gordoburrito,2024-03-01,https://github.com/roostergrin/rooster-reminders-back-end/pull/2510
rooster-reminders-back-end,hotfix | C9 OS | adds eligibility check: does prac have a default_relationship_type?,Gordoburrito,2024-03-01,https://github.com/roostergrin/rooster-reminders-back-end/pull/2509
rooster_reminders_front_end,update | login | adds forgot pw,qooqu,2024-03-01,https://github.com/roostergrin/rooster_reminders_front_end/pull/808
